Tên người dùng,Tên,Họ,Tên hiển thị,Chức vụ,Bộ phận,Số văn phòng,Điện thoại văn phòng,Điện thoại di động,Fax,Địa chỉ,Thành phố,Tiểu bang hoặc tỉnh thành,Mã ZIP hoặc mã bưu điện,Quốc gia hoặc khu vực  
kieutuan96hq@soncattuong.com,tuan,kieu,kieu minh tuan,Sinh Viên,Công nghệ thông tin,,,,,Số nhà 465 đường Đinh Công Tráng,Hà Tây,Hà Tây,3500,Việt Nam
diepminh96md@soncattuong.com,minh,diep,diep ðang minh,Sinh Viên,Công nghệ thông tin,,,,,Số nhà 279 đường Hai Bà Trưng,Bắc Ninh,Bắc Ninh,3500,Việt Nam
ngonam2980@soncattuong.com,nam,ngo,ngo an nam,Sinh Viên,Công nghệ thông tin,,,,,Số nhà 287 đường Hàng Đồng,Nam Định,Nam Định,3500,Việt Nam
huynhhoi54kc@soncattuong.com,hoi,huynh,huynh khanh hoi,Sinh Viên,Công nghệ thông tin,,,,,Số nhà 310 đường Hải Triều,Hải Dương,Hải Dương,3500,Việt Nam
thaohung85ic@soncattuong.com,hung,thao,thao tuan hung,Sinh Viên,Công nghệ thông tin,,,,,Số nhà 297 đường Hàng Đồng,Hà Tây,Hà Tây,3500,Việt Nam
tonchinh495y@soncattuong.com,chinh,ton,ton viet chinh,Sinh Viên,Công nghệ thông tin,,,,,Số nhà 442 đường Hàng Tiện,Hà Nam,Hà Nam,3500,Việt Nam
dangtoan17tx@soncattuong.com,toan,dang,dang quoc toan,Sinh Viên,Công nghệ thông tin,,,,,Số nhà 476 đường Giải phóng,Hà Nội,Hà Nội,3500,Việt Nam
tonguy28e4@soncattuong.com,uy,tong,tong cat uy,Sinh Viên,Công nghệ thông tin,,,,,Số nhà 738 đường Giải phóng,Hà Tây,Hà Tây,3500,Việt Nam
vutrung84dz@soncattuong.com,trung,vu,vu quoc trung,Sinh Viên,Công nghệ thông tin,,,,,Số nhà 952 đường Cao Bá Quát,Hải Dương,Hải Dương,3500,Việt Nam
